datum,sporulation,sporangiendichte,infektion_staerke,inkubation_aktuell,inkubation_prognose,temp_min,temp_mittel,temp_max,niederschlag_mm,blattnaesse_std,gradstunden_bn,blattzahl,blattflaeche_cm2,aus_wettervorhersage
2026-01-01,0,,0,,,-5.9,-2.8,2.6,,,0,0,0,0
2026-01-02,0,,0,,,-5.8,-1.6,3.2,,0.5,0,0,0,0
2026-01-03,0,,0,,,-5.0,-1.7,2.3,3.0,5.5,0,0,0,0
2026-01-04,0,,0,,,-8.9,-4.0,1.2,,,0,0,0,0
2026-01-05,0,,0,,,-10.6,-7.7,-4.1,,,0,0,0,0
2026-01-06,0,,0,,,-10.4,-7.3,-2.8,,,0,0,0,0
2026-01-07,0,,0,,,-9.0,-5.9,-1.2,,,0,0,0,0
2026-01-08,0,,0,,,-6.4,-3.4,0.1,,4.2,0,0,0,0
2026-01-09,0,,0,,,-0.4,1.6,4.2,6.9,20.8,37,0,0,0
2026-01-10,0,,0,,,-0.5,0.7,1.9,5.4,18.0,54,0,0,0
2026-01-11,0,,0,,,-4.3,-1.0,3.5,1.4,,0,0,0,0
2026-01-12,0,,0,,,-5.2,0.0,4.4,,,0,0,0,0
2026-01-13,0,,0,,,1.1,4.5,9.4,,,0,0,0,0
2026-01-14,0,,0,,,3.4,6.0,11.8,,,0,0,0,0
2026-01-15,0,,0,,,1.6,6.9,13.6,,,0,0,0,0
2026-01-16,0,,0,,,4.3,8.3,14.5,,,0,0,0,0
2026-01-17,0,,0,,,5.2,9.3,14.8,,,0,0,0,0
2026-01-18,0,,0,,,5.1,9.7,14.5,,,0,0,0,0
2026-01-19,0,,0,,,3.5,7.8,14.4,,,0,0,0,0
2026-01-20,0,,0,,,2.4,6.8,11.9,,,0,0,0,0
2026-01-21,0,,0,,,1.1,4.1,11.9,,,0,0,0,0
2026-01-22,0,,0,,,-4.4,0.8,7.3,,,0,0,0,0
2026-01-23,0,,0,,,-1.7,3.3,13.1,,,0,0,0,0
2026-01-24,0,,0,,,-0.8,2.4,10.8,,,0,0,0,0
2026-01-25,0,,0,,,-0.8,1.1,3.1,0.7,4.0,3,0,0,0
2026-01-26,0,,0,,,0.1,2.2,7.3,,11.2,12,0,0,0
2026-01-27,0,,0,,,0.1,5.6,12.5,,,0,0,0,0
2026-01-28,0,,0,,,2.2,4.6,9.8,0.1,3.3,7,0,0,0
2026-01-29,0,,0,,,1.3,2.6,4.6,1.7,23.2,60,0,0,0
2026-01-30,0,,0,,,-0.3,2.0,6.3,,0.3,60,0,0,0
2026-01-31,0,,0,,,-1.2,2.3,9.4,,,0,0,0,0
2026-02-01,0,,0,,,-1.8,2.1,9.0,,,0,0,0,0
2026-02-02,0,,0,,,0.3,5.6,11.4,,,0,0,0,0
2026-02-03,0,,0,,,3.9,8.5,12.7,0.4,0.7,6,0,0,0
2026-02-04,0,,0,,,1.9,5.8,10.8,,,0,0,0,0
2026-02-05,0,,0,,,-0.5,5.4,13.6,,2.7,0,0,0,0
2026-02-06,0,,0,,,2.8,6.0,10.3,0.7,10.2,60,0,0,0
2026-02-07,0,,0,,,2.6,6.5,11.8,,0.2,61,0,0,0
2026-02-08,0,,0,,,0.2,5.0,13.2,,1.3,1,0,0,0
2026-02-09,0,,0,,,-0.9,2.5,7.7,,,0,0,0,0
2026-02-10,0,,0,,,2.1,7.6,13.8,,,0,0,0,0
2026-02-11,0,,0,,,4.7,7.2,12.0,0.6,7.3,40,0,0,0
2026-02-12,0,,0,,,4.2,6.9,12.7,9.2,11.0,67,0,0,0
2026-02-13,0,,0,,,2.8,7.0,12.1,0.6,10.7,115,0,0,0
2026-02-14,0,,0,,,3.0,5.5,7.2,0.8,3.3,10,0,0,0
2026-02-15,0,,0,,,0.6,2.7,6.1,1.3,1.5,2,0,0,0
2026-02-16,0,,0,,,0.2,1.7,3.9,27.9,23.8,42,0,0,0
2026-02-17,0,,0,,,0.1,1.8,3.8,24.0,21.2,80,0,0,0
2026-02-18,0,,0,,,-1.7,2.3,8.3,,,0,0,0,0
2026-02-19,0,,0,,,0.5,3.7,8.2,7.4,15.7,42,0,0,0
2026-02-20,0,,0,,,1.5,3.4,5.0,3.4,22.5,99,0,0,0
2026-02-21,0,,0,,,1.7,2.7,3.3,17.2,23.8,85,0,0,0
2026-02-22,0,,0,,,1.2,5.9,12.1,0.1,10.0,110,0,0,0
2026-02-23,0,,0,,,3.9,7.5,12.9,,,0,0,0,0
2026-02-24,0,,0,,,5.3,7.1,10.9,1.6,12.2,63,0,0,0
2026-02-25,0,,0,,,4.3,9.0,17.7,,,0,0,0,0
2026-02-26,0,,0,,,3.2,9.3,19.1,,,0,0,0,0
2026-02-27,0,,0,,,3.9,10.3,20.8,,,0,0,0,0
2026-02-28,0,,0,,,4.3,9.6,15.3,,,0,0,0,0
2026-03-01,0,,0,,,5.3,8.2,11.1,,,0,0,0,0
2026-03-02,0,,0,,,3.9,8.0,14.6,,,0,0,0,0
2026-03-03,0,,0,,,3.3,8.5,16.9,,,0,0,0,0
2026-03-04,0,,0,,,2.7,8.0,16.8,,,0,0,0,0
2026-03-05,0,,0,,,3.9,11.1,19.3,,,0,0,0,0
2026-03-06,0,,0,,,5.7,11.0,19.9,,,0,0,0,0
2026-03-07,0,,0,,,5.8,11.0,19.7,,,0,0,0,0
2026-03-08,0,,0,,,5.1,10.2,17.3,,,0,0,0,0
2026-03-09,0,,0,,,4.9,11.0,17.5,,,0,0,0,0
2026-03-10,0,,0,,,5.2,11.3,17.1,,,0,0,0,0
2026-03-11,0,,0,,,5.2,10.7,16.4,,,0,0,0,0
2026-03-12,0,,0,,,5.2,8.4,13.1,3.6,9.7,70,0,0,0
2026-03-13,0,,0,,,3.4,10.5,18.3,,,0,0,0,0
2026-03-14,0,,0,,,0.9,7.5,13.1,11.3,8.3,15,0,0,0
2026-03-15,0,,0,,,0.9,3.7,7.5,1.8,10.5,31,0,0,0
2026-03-16,0,,0,,,2.2,6.5,12.3,,0.5,1,0,0,0
2026-03-17,0,,0,,,2.7,7.5,12.9,,,0,0,0,0
2026-03-18,0,,0,,,2.0,7.4,13.7,,,0,0,0,0
2026-03-19,0,,0,,,2.5,7.5,13.3,,,0,0,0,0
2026-03-20,0,,0,,,1.5,7.3,13.8,,,0,0,0,0
2026-03-21,0,,0,,,2.2,6.8,13.5,,,0,0,0,0
2026-03-22,0,,0,,,3.5,8.8,13.9,,,0,0,0,0
2026-03-23,0,,0,,,3.3,6.8,11.6,,0.2,1,0,0,0
2026-03-24,0,,0,,,1.4,7.6,14.8,,,0,0,0,0
2026-03-25,0,,0,,,1.8,6.8,15.9,2.0,4.0,7,0,0,0
2026-03-26,0,,0,,,-0.1,0.9,3.5,11.9,21.7,26,0,0,0
2026-03-27,0,,0,,,-0.5,1.1,3.2,2.3,1.7,0,0,0,0
2026-03-28,0,,0,,,-3.4,2.6,8.3,1.5,3.3,7,0,0,0
2026-03-29,0,,0,,,1.3,2.9,4.5,2.4,11.8,27,0,0,0
2026-03-30,0,,0,,,1.2,2.7,5.5,7.7,12.0,20,0,0,0
2026-03-31,0,,0,,,0.6,2.4,5.9,5.7,12.0,37,0,0,0
2026-04-01,0,,0,,,1.0,3.7,6.9,,,0,0,0,0
2026-04-02,0,,0,,,-0.1,4.4,8.5,,,0,0,0,0
2026-04-03,0,,0,,,2.7,7.8,14.3,,,0,0,0,0
2026-04-04,0,,0,,,6.1,10.5,18.4,,,0,0,0,0
2026-04-05,0,,0,,,6.6,14.4,24.0,,,0,0,0,0
2026-04-06,0,,0,,,8.7,13.7,19.9,,0.7,8,0,0,0
2026-04-07,0,,0,,,7.5,14.6,23.5,,,0,0,0,0
2026-04-08,0,,0,,,8.1,14.7,21.3,,,0,0,0,0
2026-04-09,0,,0,,,7.8,14.5,22.0,,,0,0,0,0
2026-04-10,0,,0,,,9.2,11.8,16.2,3.4,10.2,92,0,0,0
2026-04-11,0,,0,,,7.2,14.6,23.1,,9.3,172,0,0,0
2026-04-12,0,,0,,,9.3,12.0,15.0,,,0,0,0,0
2026-04-13,0,,0,,,7.9,9.3,11.7,1.1,3.2,28,0,0,0
2026-04-14,0,,0,,,7.0,7.6,8.7,0.4,3.2,37,0,0,0
2026-04-15,0,,0,,,6.1,11.6,15.9,,,0,0,0,0
2026-04-16,0,,0,,,8.9,13.4,19.8,,,0,0,0,0
2026-04-17,0,,0,,,7.4,13.9,20.8,,,0,0,0,0
2026-04-18,0,,0,,,8.1,14.9,22.6,,,0,1,1,0
2026-04-19,0,,0,,,10.2,12.8,18.1,2.2,11.0,103,1,1,0
2026-04-20,0,,0,,,7.5,11.6,16.1,,0.5,110,1,1,0
2026-04-21,0,,0,,,4.0,9.6,15.3,,,0,1,1,0
2026-04-22,0,,0,,,2.6,9.5,17.2,,,0,1,1,0
2026-04-23,0,,0,,,4.1,11.6,19.5,,,0,1,1,0
2026-04-24,0,,0,,,5.2,13.4,21.5,,,0,1,2,0
2026-04-25,0,,0,,,7.3,15.1,23.4,,,0,1,2,0
2026-04-26,0,,0,,,7.0,14.2,21.2,,,0,2,8,0
2026-04-27,0,,0,,,6.9,14.7,22.6,,,0,2,10,0
2026-04-28,0,,0,,,10.4,14.0,19.7,4.2,6.0,74,2,13,0
2026-04-29,0,,0,,,8.6,12.0,14.7,2.1,16.5,272,2,14,0
2026-04-30,0,,0,,,6.2,12.4,19.3,,6.2,42,2,16,0
2026-05-01,0,,0,,,6.6,13.9,21.9,,,0,3,28,0
2026-05-02,0,,0,,,9.6,17.0,24.8,,,0,3,41,0
2026-05-03,0,,0,,,10.9,18.4,25.7,,,0,4,71,0
2026-05-04,0,,0,,,11.0,17.5,23.9,,,0,4,99,0
2026-05-05,0,,0,,,11.1,15.9,22.8,,,0,4,124,0
2026-05-06,0,,0,,,10.1,12.5,19.4,1.5,5.0,42,5,149,0
2026-05-07,0,,2,20.05.,,8.0,11.8,17.0,4.4,10.8,106,5,159,0
2026-05-08,0,,0,,,6.8,14.1,21.0,,,0,5,183,0
2026-05-09,0,,0,,,9.8,15.8,23.5,,,0,5,219,0
2026-05-10,0,,0,,,11.3,16.6,21.8,,,0,6,279,0
2026-05-11,0,,2,23.05.,,9.6,11.9,15.1,14.4,13.7,153,6,294,0
2026-05-12,0,,0,,,3.7,7.6,12.8,1.8,8.7,180,6,294,0
2026-05-13,0,,0,,,3.4,10.3,17.0,,0.3,4,6,296,0
2026-05-14,0,,0,,,6.5,8.7,11.6,0.9,5.5,20,6,296,0
2026-05-15,0,,0,,,3.3,7.4,11.4,,0.3,1,6,296,0
2026-05-16,0,,0,,,5.0,8.1,13.1,1.4,6.8,19,6,296,0
2026-05-17,0,,0,,,2.6,10.4,17.5,,,0,6,299,0
2026-05-18,0,,0,,,6.6,10.6,17.5,4.6,6.5,54,6,304,0
2026-05-19,0,,0,,,5.5,12.5,19.2,,10.5,132,6,323,0
2026-05-20,0,,0,,,11.5,14.4,19.1,6.9,7.5,51,6,357,0
2026-05-21,1,23,2,27.05.,,10.1,16.5,23.6,0.1,10.7,155,7,427,0
2026-05-22,0,,0,,,11.4,19.2,27.1,,,0,7,509,0
2026-05-23,0,,0,,,12.9,20.9,28.3,,,0,8,627,0
2026-05-24,0,,0,,,14.5,22.4,29.9,,,0,9,765,0
2026-05-25,0,,0,,,15.6,23.2,30.5,,,0,9,903,0
2026-05-26,0,,0,,,16.4,24.0,31.2,,,0,10,1067,0
2026-05-27,0,,0,,,17.0,23.7,30.5,,,0,11,1226,0
2026-05-28,0,,0,,,16.4,22.7,29.0,,,0,11,1359,0
2026-05-29,0,,0,,,14.4,21.8,29.3,,,0,12,1494,0
2026-05-30,0,,0,,,13.9,22.0,30.3,,,0,13,1626,0
2026-05-31,0,,1,08.06.,,15.4,21.1,30.4,9.6,5.0,72,13,1734,0
2026-06-01,1,201,3,08.06.,,13.8,17.5,23.4,4.4,12.5,264,13,1804,0
2026-06-02,0,,1,10.06.,,12.3,16.7,25.8,16.6,6.3,87,14,1878,0
2026-06-03,1,57,3,10.06.,,10.9,14.0,18.9,0.9,11.8,227,14,1915,0
2026-06-04,0,,0,,,10.9,15.0,20.4,8.9,3.2,37,14,1959,0
2026-06-05,0,,2,13.06.,,8.9,14.3,20.2,10.9,10.5,148,14,1996,0
2026-06-06,0,,0,,,10.8,15.8,22.4,,0.7,3,15,2058,0
2026-06-07,0,,0,,,12.5,18.4,23.8,,0.8,18,15,2129,0
2026-06-08,0,,0,,,13.6,20.1,27.7,5.0,2.7,43,15,2208,0
2026-06-09,1,217,3,16.06.,,12.8,15.0,16.8,4.5,21.0,208,16,2260,0
2026-06-10,0,,2,17.06.,,9.0,12.1,15.3,3.9,11.7,119,16,2277,0
2026-06-11,0,,0,,,7.6,12.9,19.1,,0.8,7,16,2299,0
2026-06-12,0,,1,19.06.,,10.5,13.2,15.9,0.5,7.0,80,16,2324,0
2026-06-13,1,120,0,,,13.0,20.4,28.0,,,0,17,2411,0
2026-06-14,0,,0,,,13.2,20.2,26.1,,,0,17,2485,0
2026-06-15,0,,0,,,11.9,18.9,25.9,,,0,17,2546,0
2026-06-16,0,,0,,,12.7,19.9,27.6,,,0,18,2623,0
2026-06-17,0,,0,,,15.7,21.7,30.3,,,0,18,2698,0
2026-06-18,0,,0,,,21.3,28.7,31.9,,,0,19,2820,0
2026-06-19,0,,0,,,17.6,24.2,34.1,0.9,2.7,48,20,2909,0
2026-06-20,1,300,2,26.06.,,16.6,24.6,32.5,,7.3,181,20,2988,0
2026-06-21,0,,0,,,18.1,25.8,34.0,,,0,21,3076,0
2026-06-22,0,,0,,,18.9,26.5,33.7,,,0,21,3154,0
2026-06-23,0,,0,,,19.1,25.8,33.4,,,0,22,3233,0
2026-06-24,0,,0,,,18.5,26.4,34.0,,0.2,3,22,3300,0
2026-06-25,0,,0,,,19.1,27.6,34.9,,,0,23,3377,0
2026-06-26,0,,0,,,20.2,28.0,34.6,,,0,24,3450,0
2026-06-27,0,,0,,,20.8,28.1,35.6,,0.3,7,24,3510,0
2026-06-28,0,,2,04.07.,,18.8,24.5,35.0,10.6,6.2,122,25,3563,0
2026-06-29,1,300,2,04.07.,,17.6,22.9,30.3,,3.8,198,25,3601,0
2026-06-30,0,,0,,,17.3,22.4,30.2,0.1,2.3,48,26,3643,0
2026-07-01,1,300,3,06.07.,,13.3,17.5,20.3,11.3,23.5,314,26,3663,0
2026-07-02,1,117,3,07.07.,,12.6,19.9,27.6,0.7,11.2,484,26,3689,0
2026-07-03,0,,0,,,16.0,20.8,26.5,,,0,26,3715,0
2026-07-04,0,,0,,,14.2,21.0,28.1,,,0,27,3749,0
2026-07-05,0,,0,,,12.7,21.6,29.4,,,0,27,3776,0
2026-07-06,0,,0,,,17.9,23.1,28.8,,0.5,9,27,3803,0
2026-07-07,0,,0,,,15.3,23.2,31.6,,,0,28,3838,0
2026-07-08,0,,0,,,15.8,22.4,30.1,,,0,28,3862,0
2026-07-09,0,,0,,,14.8,23.2,30.7,,,0,29,3892,0
2026-07-10,0,,0,,,17.1,24.9,32.7,,,0,29,3918,0
2026-07-11,0,,0,,,19.8,26.2,33.3,,,0,29,3944,0
2026-07-12,0,,0,,,15.7,24.2,31.7,,,0,30,3972,0
2026-07-13,0,,0,,,18.2,24.8,32.4,0.2,1.0,23,30,3993,0
2026-07-14,0,,0,,,19.1,24.0,33.0,4.8,7.0,152,30,4011,0
2026-07-15,0,,1,20.07.,,17.3,21.3,25.7,1.6,6.0,80,31,4032,0
2026-07-16,1,297,2,21.07.,,16.3,22.8,31.7,8.7,12.2,183,31,4047,0
2026-07-17,1,300,2,22.07.,,17.6,23.2,30.1,3.7,10.0,150,31,4062,0
2026-07-18,1,300,3,23.07.,,16.3,19.9,26.2,9.1,14.8,295,31,4071,0
2026-07-19,1,220,3,24.07.,,15.1,18.3,23.7,4.2,13.0,238,32,4086,0
2026-07-20,1,105,0,,,12.3,19.0,25.0,,,0,32,4095,0
2026-07-21,0,,0,,,11.4,18.5,25.0,,,0,32,4103,0
2026-07-22,0,,0,,,11.5,19.4,26.9,,,0,32,4111,0
2026-07-23,0,,0,,,12.6,19.3,26.2,,,0,32,4119,0
2026-07-24,0,,0,,,11.2,20.4,28.2,,,0,33,4133,0
2026-07-25,0,,0,,,14.4,23.1,32.1,,0.2,4,33,4143,0
2026-07-26,1,300,2,31.07.,,17.4,18.8,24.2,12.9,14.8,167,33,4149,0
2026-07-27,1,300,0,,,16.6,21.2,27.1,,,0,33,4157,0
2026-07-28,0,,0,,,14.8,22.9,30.1,,,0,33,4164,0
2026-07-29,0,,0,,,18.8,26.5,34.9,,,0,34,4179,0
2026-07-30,0,,0,,,19.4,27.8,36.8,,,0,34,4188,0
2026-07-31,0,,1,06.08.,,19.5,24.4,35.0,5.5,3.8,85,34,4195,0
2026-08-01,0,,2,06.08.,,18.1,22.1,27.6,2.0,10.0,126,34,4200,0
2026-08-02,1,300,3,07.08.,,18.1,24.2,31.9,,9.0,302,34,4204,0
2026-08-03,0,,0,,,21.9,28.4,36.6,,,0,34,4209,0
2026-08-04,0,,0,,,22.1,29.0,37.4,,,0,35,4221,0
2026-08-05,0,,0,,,18.5,25.4,32.9,,,0,35,4224,0
2026-08-06,0,,2,11.08.,,19.9,23.4,27.4,0.6,5.3,113,35,4226,0
2026-08-07,0,,1,14.08.,,17.8,22.0,27.6,7.4,6.3,98,35,4228,0
2026-08-08,1,300,3,14.08.,,16.0,23.6,31.3,,10.5,289,35,4229,0
2026-08-09,0,,0,,,18.6,24.8,35.0,,1.2,25,35,4230,0
2026-08-10,0,,0,,,18.2,25.0,33.3,0.2,0.8,19,35,4231,0
2026-08-11,0,,0,,,17.4,24.7,32.8,,0.8,16,35,4231,0
2026-08-12,0,,0,,,18.5,25.4,33.1,,,0,35,4231,0
2026-08-13,0,,0,,,19.0,25.8,34.7,,,0,35,4231,0
2026-08-14,0,,0,,,18.1,26.5,36.4,,,0,35,4231,0
2026-08-15,0,,0,,,19.3,25.5,34.8,,,0,35,4231,0
2026-08-16,0,,0,,,19.2,24.7,32.2,1.3,0.3,7,35,4231,0
2026-08-17,1,300,3,23.08.,,16.7,18.5,20.8,9.6,23.0,270,35,4231,0
2026-08-18,1,291,3,24.08.,,16.3,20.2,27.6,,12.0,479,35,4231,0
2026-08-19,0,,0,,,17.0,24.9,31.8,,,0,35,4231,0
2026-08-20,0,,3,26.08.,,17.4,21.2,27.9,10.9,11.0,213,35,4231,0
2026-08-21,1,300,3,26.08.,,12.1,15.7,17.7,10.1,23.8,589,35,4231,0
2026-08-22,1,75,3,27.08.,,11.1,16.8,23.0,0.2,11.2,741,35,4231,0
2026-08-23,0,,0,,,10.9,17.5,24.3,,,0,35,4231,0
2026-08-24,0,,0,,,13.8,19.7,26.3,,,0,35,4231,0
2026-08-25,0,,2,30.08.,,15.2,19.4,24.4,10.6,9.5,160,35,4231,0
2026-08-26,1,300,0,,,16.0,21.6,28.4,,,0,35,4231,0
2026-08-27,0,,0,,,19.4,26.5,32.3,,,0,35,4231,0
2026-08-28,0,,2,03.09.,,14.4,22.2,27.9,8.8,9.0,100,35,4231,0
2026-08-29,1,272,3,03.09.,,12.6,18.3,24.6,0.1,12.5,291,35,4231,0
2026-08-30,0,,0,,,14.3,20.3,27.3,2.0,2.2,40,35,4231,0
2026-08-31,1,300,3,05.09.,,16.7,20.5,24.1,0.3,11.3,250,35,4231,0
2026-09-01,0,,0,,,12.7,18.9,25.0,,,0,35,4231,0
2026-09-02,0,,0,,,13.6,19.9,26.9,,,0,35,4231,0
2026-09-03,0,,0,,,13.5,20.4,28.1,,,0,35,4231,0
2026-09-04,0,,0,,,15.1,22.7,32.1,,,0,35,4231,0
2026-09-05,0,,0,,,17.0,21.1,27.2,,,0,35,4231,0
2026-09-06,1,216,0,,,13.9,20.8,27.7,,,0,35,4231,0
2026-09-07,0,,0,,,16.8,22.6,31.8,,,0,35,4231,0
2026-09-08,0,,0,,,18.0,25.4,34.8,,,0,35,4231,0
2026-09-09,0,,2,17.09.,,12.2,16.5,24.7,6.7,17.7,186,35,4231,0
2026-09-10,1,52,3,17.09.,,11.3,14.3,18.7,0.7,8.5,259,35,4231,0
2026-09-11,1,84,2,18.09.,,11.9,16.1,21.9,,5.7,109,35,4231,0
2026-09-12,0,,0,,,9.7,16.0,23.4,,,0,35,4231,0
2026-09-13,0,,0,,,11.0,18.1,25.6,,0.7,10,35,4231,0
2026-09-14,1,212,2,21.09.,,14.9,18.0,24.6,0.5,9.0,124,35,4231,0
2026-09-15,0,,0,,,13.4,18.3,26.9,,,0,35,4231,0
2026-09-16,0,,1,24.09.,,13.1,18.3,26.4,4.4,6.3,98,35,4231,0
2026-09-17,1,189,3,24.09.,,10.5,15.1,20.9,1.1,11.3,239,35,4231,0
2026-09-18,0,,0,,,12.7,15.7,20.6,,,0,35,4231,0
2026-09-19,0,,0,,,9.6,16.0,24.6,,,0,35,4231,0
2026-09-20,0,,0,,,12.0,18.2,26.0,,,0,35,4231,0
2026-09-21,0,,0,,,10.9,16.3,21.1,,,0,35,4231,0
2026-09-22,0,,0,,,7.6,13.5,20.9,,1.2,9,35,4231,0
2026-09-23,0,,0,,,8.1,14.3,22.2,,,0,35,4231,0
2026-09-24,0,,0,,,10.4,15.9,23.1,,,0,35,4231,0
2026-09-25,0,,0,,,7.8,14.7,22.6,,,0,35,4231,0
2026-09-26,0,,0,,,10.3,17.0,26.2,,,0,35,4231,0
2026-09-27,0,,0,,,11.6,18.2,26.6,,,0,35,4231,0
2026-09-28,0,,0,,,12.7,17.7,28.3,,,0,0,0,1
2026-10-03,0,,0,,,,,,,,0,0,0,1
2026-10-04,0,,0,,,,,,,,0,35,4231,1
2026-10-05,0,,0,,,13.1,15.4,20.0,9.0,10.0,140,35,4231,1
2026-10-06,0,,0,,,10.9,15.6,22.5,0.4,1.0,15,35,4231,1
2026-10-07,0,,0,,,11.8,17.0,23.8,,,0,35,4231,1
2026-10-08,0,,0,,,10.6,15.6,18.9,15.1,10.0,149,35,4231,1
2026-10-09,1,2,3,,18%,6.9,9.5,13.0,6.0,11.0,248,35,4231,1
2026-10-10,0,,0,,,7.7,11.1,15.7,,,0,35,4231,1
2026-10-11,0,,0,,,8.3,11.3,15.3,,,0,35,4231,1
2026-10-12,0,,0,,,9.5,9.5,9.6,,,0,0,0,1
